<tools>
    <data type="boolean" key="GENERIC_TOOLS_AVAILABLE" value="true"/>
    <toolbox scope="application">
        <tool class="org.apache.velocity.tools.generic.ClassTool"/>
        <tool class="org.apache.velocity.tools.generic.CollectionTool"/>
        <tool class="org.apache.velocity.tools.generic.ComparisonDateTool"/>
        <tool class="org.apache.velocity.tools.generic.DisplayTool"/>
        <tool class="org.apache.velocity.tools.generic.EscapeTool"/>
        <tool class="org.apache.velocity.tools.generic.FieldTool"/>
        <tool class="org.apache.velocity.tools.generic.LogTool"/>
        <tool class="org.apache.velocity.tools.generic.MathTool"/>
        <tool class="org.apache.velocity.tools.generic.NumberTool"/>
        <tool class="org.apache.velocity.tools.generic.ResourceTool"/>
    </toolbox>
    <toolbox scope="request">
        <tool class="org.apache.velocity.tools.generic.ContextTool"/>
        <tool class="org.apache.velocity.tools.generic.ImportTool"/>
        <tool class="org.apache.velocity.tools.generic.JsonTool"/>
        <tool class="org.apache.velocity.tools.generic.LinkTool"/>
        <tool class="org.apache.velocity.tools.generic.LoopTool"/>
        <tool class="org.apache.velocity.tools.generic.RenderTool"/>
        <tool class="org.apache.velocity.tools.generic.XmlTool"/>
        <tool class="org.apache.velocity.tools.view.CookieTool"/>

    </toolbox>
</tools>