<?xml version="1.0" encoding="UTF-8"?>
<sk:systemKeys xmlns:sk="http://pingidentity.com/2018/01/system-keys">
    <sk:currentKey>
        <sk:key>eyJhbGciOiJkaXIiLCJlbmMiOiJBMTI4Q0JDLUhTMjU2Iiwia2lkIjoiSFFSc3NmU0tOdiIsInZlcnNpb24iOiIxMi4wLjIuMiIsInppcCI6IkRFRiJ9..JaZjX724UxLArLvD1WCTKw.ckGEBnsaBIeTLtPQ-8DEmxfZUk54abnK2AGO7EhbfrGh5tNLP2y99pFt0xa2T_2m.Tl_Crr-Z4gok8xEuZFTz5g</sk:key>
        <sk:generatedTime>2024-05-28T21:17:05.268+06:00</sk:generatedTime>
    </sk:currentKey>
    <sk:previousKey xsi:nil="true" xmlns:xsi="http://www.w3.org/2001/XMLSchema-instance"/>
    <sk:pendingKey>
        <sk:key>eyJhbGciOiJkaXIiLCJlbmMiOiJBMTI4Q0JDLUhTMjU2Iiwia2lkIjoiSFFSc3NmU0tOdiIsInZlcnNpb24iOiIxMi4wLjIuMiIsInppcCI6IkRFRiJ9..z3zF9mNYYKnyQ6uYgJxslA.U3mIno2n6-rlqwDcYDAwQ3vCSMccygIVuBYdOk4MB2NWonkjags04MSrQc2HxvjC._mkpPySK1NYn-Qdgw8XpeA</sk:key>
        <sk:generatedTime>2024-05-28T21:17:05.278+06:00</sk:generatedTime>
    </sk:pendingKey>
</sk:systemKeys>